Experimental_variable,P-value,Adjusted P-value
Lifespan.effect,9.821734234632905e-6,6.875213964243033e-5
Study,5.325715881184735e-4,0.0016197226039101535
Genotype,6.941668302472086e-4,0.0016197226039101535
Age,0.0066788075203788365,0.011687913160662963
Tissue,0.0873309378244715,0.1222633129542601
Sex,0.2750159487235861,0.3208519401775171
Technology,0.5505801884616655,0.5505801884616655
